,c-C4F8,C2F6,C3F8,C4F10,C5F12,C6F14,C7F16,C8F18,CO2,CCl4,CF4,CFC11,CFC12,CFC113,CFC114,CFC115,CH2Cl2,CH3CCl3,CHCl3,Halon1211,Halon1301,Halon2402,HCFC22,HCFC141b,HCFC142b,HFC23,HFC32,HFC125,HFC134a,HFC143a,HFC152a,HFC227ea,HFC236fa,HFC245fa,HFC365mfc,HFC4310mee,CH4,CH3Br,CH3Cl,NF3,N20,SF6,SO2F2
1950-1970trend,0.46654695,1.157608531,0.05597125,0.00016905,0.007158698,0.002983926,0.004550026,0.004952002,354.0898182,178.5717509,56.57626552,194.2987199,404.0531744,17.90557368,19.35983333,0.702214722,29.91782138,60.99663873,14.76281536,0.073946173,0.002720932,0.07859623,42.90105067,0,0.003674854,6.308337706,0.000647551,2.95E-05,0,0.000234255,0,1.17E-05,9.87E-08,0,0,0,2016.936399,9.510007458,699.7516814,0.00081756,311.6775838,1.116532496,0.044733588
1970-1988trend,1.617709667,3.90805325,0.234324444,0.163248944,0.112120859,0.076093773,0.064423095,0.034277986,396.9027266,151.0118507,92.00340415,568.3839505,1013.650404,147.4738658,28.69363287,11.88429503,29.45377349,296.9697785,18.77355764,5.29674915,4.21324036,0.843446003,193.9701407,0,2.585527022,16.50163528,0.000647548,7.21E-05,0.000209883,0.898216373,0.220787668,0.054428135,0.003258451,0,0.008166669,0.004064517,2181.05497,10.95277038,565.3172187,0.059912239,324.7521486,4.803029368,1.747057185
1988-2014trend,1.465265577,4.893439322,0.696515471,0.202480769,0.142057692,0.327173077,0.145519231,0.105903846,406.4452546,79.01241485,84.90735505,230.8210461,534.2843993,75.55978713,16.6046161,9.185659175,39.52239227,0,9.344713624,4.096107293,3.634031137,0.451602778,258.3889766,28.38777134,26.13823932,30.67321014,9.940122894,18.30788761,95.99950785,18.12254645,9.204110907,1.195222243,0.155450496,2.441094682,0.911574592,0.294526317,1857.919097,6.33918587,537.5845714,1.474200288,330.9041376,9.423633758,2.306508034
2009-2014trend,1.52432,4.781459603,0.683780972,0.1915,0.131,0.3,0.142,0.096,408.8139348,77.56629002,84.45108545,223.6989166,507.3859522,69.49762898,16.19144932,8.468999764,46.50673294,0,11.26065646,3.31776768,3.411649976,0.400107017,258.7696472,27.74799828,24.2205961,31.1226563,13.67161843,23.00399161,108.2655266,21.15019652,8.389290179,1.441340304,0.177135052,2.872199663,1.053725357,0.317048905,1860.84083,6.201067856,539.2608974,1.88,331.7009793,9.714541796,2.490749067
